Мужской;Джинсы;Джинсы Straight fit;Хлопок - 99%, Эластан - 1%;32/32;9000;https://a.lmcdn.ru/img236x341/R/T/RTLAAA648001_13218177_1_v1_2x.jpg
Мужской;Джинсы;Джинсы Spenter;Хлопок - 99%, Эластан - 1%;34/33;3299;https://a.lmcdn.ru/img236x341/R/T/RTLABF026001_16529376_1_v1_2x.jpg
Мужской;Джинсы;Джинсы Tap;Хлопок - 99%, Эластан - 1%;32/32;5800;https://a.lmcdn.ru/img236x341/R/T/RTLABE665501_16635025_1_v1_2x.jpg
Мужской;Джинсы;Джинсы Ton Tibor;Хлопок - 98%, Эластан - 2%;32/32;6999;https://a.lmcdn.ru/img236x341/R/T/RTLABE762401_16500008_1_v1_2x.jpg
Мужской;Джинсы;Джинсы Poss;Хлопок - 94%, Полиэстер - 5%, Эластан - 1%;32/32;12900;https://a.lmcdn.ru/img236x341/R/T/RTLABI896201_16819752_1_v1_2x.jpg
Мужской;Джинсы;Джинсы Velous;Хлопок - 98%, Эластан - 2%;32/32;5099;https://a.lmcdn.ru/img600x866/M/P/MP002XM1HKN8_14242893_1_v1_2x.jpg
Мужской;Джинсы;Джинсы King Stone;Полиэстер - 15%, Хлопок - 85%;34/33;3699;https://a.lmcdn.ru/img600x866/M/P/MP002XM1I2XU_16149708_1_v1.jpeg
Мужской;Джинсы;Джинсы Mavus;Хлопок - 99%, Эластан - 1%;32/32;4300;https://a.lmcdn.ru/img600x866/M/P/MP002XM07Y9H_11086156_1_v1.jpeg
Мужской;Джинсы;Джинсы Binitto;Хлопок - 99%, Эластан - 1%;34/33;7900;https://a.lmcdn.ru/img600x866/M/P/MP002XM2532Q_14934131_1_v1_2x.jpg
Мужской;Джинсы;Джинсы Leris;Хлопок - 93%, Полиэстер - 4%, Полиэтилен  - 2%, Эластан - 1%;32/32;11850;https://a.lmcdn.ru/img600x866/L/E/LE306EMFTB82_2673808_1_v4.jpg
Мужской;Футболки;Футболка Cillecs;Хлопок - 100%;M;1090;https://a.lmcdn.ru/img600x866/M/P/MP002XM08BUA_17085847_1_v1_2x.jpg
Мужской;Футболки;Футболка Otres;Хлопок 92%, Эластан 8%;XL;700;https://a.lmcdn.ru/img600x866/M/P/MP002XM1HST1_15561282_1_v1.jpeg
Мужской;Футболки;Футболка King Stone;Хлопок - 100%;M;3100;https://a.lmcdn.ru/img600x866/M/P/MP002XM084J8_16672823_1_v1_2x.jpg
Мужской;Футболки;Футболка Tap;Хлопок - 100%;L;1600;https://a.lmcdn.ru/img600x866/M/P/MP002XM08B83_17043710_1_v1_2x.jpg
Мужской;Футболки;Футболка Tixer;Хлопок - 100%;S;900;https://a.lmcdn.ru/img600x866/M/P/MP002XM087EY_16764113_1_v1.jpeg
Мужской;Футболки;Футболка Joji;Хлопок - 100%;L;669;https://a.lmcdn.ru/img600x866/M/P/MP002XM1K86Z_10976420_1_v1.jpeg
Мужской;Футболки;Футболка Bite;Хлопок - 100%;XL;699;https://a.lmcdn.ru/img600x866/M/P/MP002XM1ZTVY_14745500_1_v1_2x.jpg
Мужской;Футболки;Футболка Tebis;Хлопок - 60%, Полиэстер - 40%;M;999;https://a.lmcdn.ru/img600x866/M/P/MP002XM08EY7_17301797_1_v1_2x.jpg
Мужской;Футболки;Футболка Poss;Хлопок - 100%;M;1699;https://a.lmcdn.ru/img600x866/M/P/MP002XM082ZV_16566657_1_v1_2x.jpg
Мужской;Футболки;Футболка Spenter;Хлопок - 100%;XS;1899;https://a.lmcdn.ru/img600x866/R/T/RTLABB029001_16165183_1_v1.jpg
Мужской;Куртки;Куртка Pinex;Хлопок - 100%;XL;12999;https://a.lmcdn.ru/img600x866/R/T/RTLAAX668201_15844934_1_v1_2x.jpg
Мужской;Куртки;Куртка Cillecs;Овечья кожа - 100%;XL;15000;https://a.lmcdn.ru/img600x866/M/P/MP002XM1I8XW_16526580_1_v1_2x.jpg
Мужской;Куртки;Куртка Tortell;Хлопок - 100%;L;14399;https://a.lmcdn.ru/img600x866/R/T/RTLAAV876401_15610680_1_v1_2x.jpg
Мужской;Куртки;Куртка Tim Tellton;Хлопок - 100%;S;5900;https://a.lmcdn.ru/img600x866/M/P/MP002XM082ZN_16566636_1_v1_2x.jpg
Мужской;Куртки;Куртка Leris;Хлопок - 100%;XL;5399;https://a.lmcdn.ru/img236x341/M/P/MP002XM1I8UC_16458240_1_v1_2x.jpg
Мужской;Куртки;Куртка Joji;Полиэстер - 100%;L;7900;https://a.lmcdn.ru/img600x866/R/T/RTLAAS572001_15235725_1_v2.jpg
Мужской;Куртки;Куртка Tiber Tors;Натуральная кожа - 100%;XL;15299;https://a.lmcdn.ru/img600x866/R/T/RTLAAY245001_16019471_1_v1_2x.jpg
Мужской;Куртки;Куртка Velous;100% Полиэстер;L;7999;https://a.lmcdn.ru/img600x866/M/P/MP002XM1I7M6_16369585_1_v3.jpeg
Мужской;Куртки;Куртка Tixer;Полиэстер - 100%;XL;4000;https://a.lmcdn.ru/img600x866/R/T/RTLABB079001_16363302_1_v1_2x.jpg
Мужской;Куртки;Куртка Topos Lusi;Полиэстер - 100%;L;7900;https://a.lmcdn.ru/img600x866/R/T/RTLABE653502_16711297_1_v1_2x.jpg
Мужской;Головные уборы;Панама USPIP;Хлопок - 100%;M;3299;https://a.lmcdn.ru/img600x866/R/T/RTLABM527601_17323086_1_v1.jpg
Мужской;Головные уборы;Кепка Mavus;Хлопок - 100%;M;5400;https://a.lmcdn.ru/img600x866/R/T/RTLABB663901_16546423_1_v1_2x.jpg
Мужской;Головные уборы;Кепка Zizis;Хлопок - 100%;L;1250;https://a.lmcdn.ru/img600x866/R/T/RTLABJ270201_16920312_1_v1.jpg
Мужской;Головные уборы;Шапка Bite;Хлопок - 50%, Акрил - 50%;L;990;https://a.lmcdn.ru/img600x866/M/P/MP002XM252W2_14557529_1_v1.jpg
Мужской;Головные уборы;Кепка Velous;Хлопок - 100%;M;5600;https://a.lmcdn.ru/img600x866/R/T/RTLABA216601_16098057_1_v1_2x.jpg
Мужской;Головные уборы;Панама Sopest;Хлопок - 100%;L;940;https://a.lmcdn.ru/img600x866/R/T/RTLABJ272801_16917847_1_v1.jpg
Мужской;Головные уборы;Шапка Poss;Хлопок - 100%;M;719;https://a.lmcdn.ru/img600x866/M/P/MP002XM08AJR_16973073_1_v1.jpg
Мужской;Головные уборы;Кепка Tixer;Хлопок - 100%;L;1199;https://a.lmcdn.ru/img600x866/M/P/MP002XM1I8P7_16551985_1_v1.jpg
Мужской;Головные уборы;Кепка Tortell;Хлопок - 100%;M;5490;https://a.lmcdn.ru/img600x866/M/P/MP002XU02ZG5_10668707_1_v1.jpg
Мужской;Головные уборы;Панама Joji;Хлопок - 100%;M;3290;https://a.lmcdn.ru/img600x866/R/T/RTLABM279001_17282132_1_v1.jpg
Мужской;Обувь;Туфли Bob Mins;Натуральная кожа;42;5499;https://a.lmcdn.ru/img600x866/M/P/MP002XM20U85_10364594_2_v1.jpg
Мужской;Обувь;Кеды Pinex;Натуральная кожа;44;3999;https://a.lmcdn.ru/img600x866/M/P/MP002XM083XT_16550533_2_v4.jpg
Мужской;Обувь;Мокасины Tiber Tors;Натуральная кожа;45;3399;https://a.lmcdn.ru/img600x866/M/P/MP002XM08D7A_17125667_2_v1.jpeg
Мужской;Обувь;Лоферы Topos Lusi;Искусственный нубук;40;1899;https://a.lmcdn.ru/img600x866/M/P/MP002XM20WQN_11041883_2_v1.jpg
Мужской;Обувь;Кроссовки Tixer;Натуральная кожа;46;4799;https://a.lmcdn.ru/img600x866/R/T/RTLABG554301_16730193_2_v1.jpg
Мужской;Обувь;Кеды Bolous;Натуральная замша, Текстиль;44;11990;https://a.lmcdn.ru/img600x866/M/P/MP002XM1I533_16796635_2_v1.jpg
Мужской;Обувь;Кеды Bite;Текстиль;43;10400;https://a.lmcdn.ru/img600x866/R/T/RTLAAK097901_14451676_2_v1.jpg
Мужской;Обувь;Ботинки King Stone;Натуральная кожа;42;5299;https://a.lmcdn.ru/img600x866/R/T/RTLABL058301_17161031_2_v1.jpg
Мужской;Обувь;Слипоны Leris;Текстиль;41;2499;https://a.lmcdn.ru/img600x866/M/P/MP002XM1HF9U_14353870_2_v1.jpg
Мужской;Обувь;Кеды Ton Tibor;Натуральная кожа, Текстиль;45;14990;https://a.lmcdn.ru/img600x866/R/T/RTLABE561802_16696582_2_v1.jpg
Женский;Джинсы;Джинсы Bob Mins;Хлопок 98%, Эластан 2%;40;1999;https://a.lmcdn.ru/img600x866/M/P/MP002XW0A0BH_15495999_1_v1.jpeg
Женский;Джинсы;Джинсы Topos Lusi;Хлопок - 86%, Вискоза - 11%, Полиэстер - 3%;40;3599;https://a.lmcdn.ru/img600x866/M/P/MP002XW0D6AB_17155687_1_v1_2x.jpg
Женский;Джинсы;Джинсы Zizis;Хлопок - 100%;42;4495;https://a.lmcdn.ru/img600x866/M/P/MP002XW05OGH_13602485_1_v1_2x.jpg
Женский;Джинсы;Джинсы Velous;Хлопок - 100%;40;2519;https://a.lmcdn.ru/img600x866/M/P/MP002XW0C7LN_16722767_1_v1_2x.jpg
Женский;Джинсы;Джинсы Tap;Хлопок - 98%, Эластан - 2%;42;4890;https://a.lmcdn.ru/img600x866/M/P/MP002XW0BBOF_16333281_1_v1_2x.jpg
Женский;Джинсы;Джинсы Sopest;Хлопок - 55%, Полиэстер - 29%, Вискоза - 14%, Эластан - 2%;42;11475;https://a.lmcdn.ru/img600x866/M/P/MP002XW0CAY7_16736779_1_v1_2x.jpg
Женский;Джинсы;Джинсы King Stone;Хлопок - 93%, Полиэстер - 6%, Эластан - 1%;40;4299;https://a.lmcdn.ru/img600x866/R/T/RTLAAM550001_14657742_1_v1.jpg
Женский;Джинсы;Джинсы Tim Tellton;Хлопок - 79%, Лиоцелл - 21%;42;12250;https://a.lmcdn.ru/img600x866/R/T/RTLAAM003101_14643085_1_v1_2x.jpg
Женский;Джинсы;Джинсы Pinex;Хлопок - 99%, Эластан - 1%;40;26540;https://a.lmcdn.ru/img600x866/M/P/MP002XW0C4FR_16580438_1_v4.jpeg
Женский;Джинсы;Джинсы Tixer;Хлопок - 100%;42;2900;https://a.lmcdn.ru/img600x866/M/P/MP002XW13D1X_17230274_1_v1.jpeg
Женский;Футболки;Футболка Sopest;Хлопок - 95%, Эластан - 5%;L;1950;https://a.lmcdn.ru/img600x866/R/T/RTLABK693001_17079370_1_v1_2x.jpg
Женский;Футболки;Футболка Elis;Хлопок - 100%;M;919;https://a.lmcdn.ru/img600x866/M/P/MP002XW0CLPK_16834690_1_v1.jpeg
Женский;Футболки;Футболка Tellpi;Хлопок - 95%, Эластан - 5%;L;5999;https://a.lmcdn.ru/img236x341/M/P/MP002XW0D3HN_17135552_1_v1_2x.jpg
Женский;Футболки;Футболка Zoripis;Хлопок - 98%, Эластан - 2%;S;3000;https://a.lmcdn.ru/img236x341/M/P/MP002XW0CNQD_16857778_1_v2_2x.jpeg
Женский;Футболки;Футболка Topos Lusi;Хлопок - 100%;XL;979;https://a.lmcdn.ru/img236x341/M/P/MP002XW0CE7O_16751262_1_v1.jpeg
Женский;Футболки;Футболка Inus;Хлопок - 98%, Эластан - 2%;L;800;https://a.lmcdn.ru/img236x341/R/T/RTLABD219701_16340459_1_v1.jpg
Женский;Футболки;Футболка Tertilini;Хлопок - 95%, Эластан - 5%;M;1399;https://a.lmcdn.ru/img236x341/M/P/MP002XW0CNZ3_17022928_1_v1_2x.jpg
Женский;Футболки;Футболка Eqous;Хлопок - 100%;S;2800;https://a.lmcdn.ru/img236x341/M/P/MP002XW05HKV_13371196_1_v1.jpeg
Женский;Футболки;Футболка Leris;Хлопок - 98%, Эластан - 2%;L;5600;https://a.lmcdn.ru/img236x341/M/P/MP002XW0CLJQ_16871452_1_v1_2x.jpg
Женский;Футболки;Футболка Pinex;Хлопок - 95%, Эластан - 5%;L;6999;https://a.lmcdn.ru/img236x341/M/P/MP002XW04QTO_13098502_1_v1_2x.jpg
Женский;Куртки;Куртка Boba;Хлопок - 100%;L;12999;https://a.lmcdn.ru/img236x341/M/P/MP002XW0CAMS_16724041_1_v1_2x.jpg
Женский;Куртки;Куртка Osas;Хлопок - 60%, Полиэстер - 40%;XL;5600;https://a.lmcdn.ru/img236x341/M/P/MP002XW0CD2O_16810264_1_v1_2x.jpg
Женский;Куртки;Куртка Tap;Хлопок - 100%;L;3999;https://a.lmcdn.ru/img236x341/M/P/MP002XW06QK1_14291022_1_v1_2x.jpg
Женский;Куртки;Куртка Legis;Хлопок - 60%, Полиэстер - 40%;L;7400;https://a.lmcdn.ru/img236x341/M/P/MP002XW0AW42_15985068_1_v1_2x.jpg
Женский;Куртки;Куртка Tolos;Хлопок - 100%;S;8000;https://a.lmcdn.ru/img236x341/M/P/MP002XW074PU_14327618_1_v1_2x.jpg
Женский;Куртки;Куртка Pous;Хлопок - 100%;XL;6999;https://a.lmcdn.ru/img236x341/M/P/MP002XW08Q73_14979061_1_v1_2x.jpeg
Женский;Куртки;Куртка Inus;Хлопок - 100%;L;8999;https://a.lmcdn.ru/img236x341/M/P/MP002XW0BV9T_16472482_1_v1_2x.jpg
Женский;Куртки;Куртка Velous;Хлопок - 100%;S;4599;https://a.lmcdn.ru/img236x341/M/P/MP002XW0CJ87_17118795_1_v1_2x.jpg
Женский;Куртки;Куртка Nani;Хлопок - 100%;L;3999;https://a.lmcdn.ru/img236x341/M/P/MP002XW0CTXL_17026235_1_v2_2x.jpg
Женский;Куртки;Куртка Roupis;Хлопок - 100%;XL;8999;https://a.lmcdn.ru/img236x341/M/P/MP002XW0C3XY_16575170_1_v2.jpeg
Женский;Головные уборы;Кепка Parit;Хлопок - 100%;M;3999;https://a.lmcdn.ru/img236x341/M/P/MP002XW0BYX4_17054923_1_v1.jpg
Женский;Головные уборы;Шапка Sopest;Хлопок - 100%;L;5600;https://a.lmcdn.ru/img236x341/M/P/MP002XW0IB2L_11939855_1_v1.jpg
Женский;Головные уборы;Шапка Lous Vipon;Хлопок - 100%;L;1200;https://a.lmcdn.ru/img236x341/R/T/RTLABA246901_16271563_1_v1_2x.jpg
Женский;Головные уборы;Кепка Toropos;Хлопок - 100%;S;1399;https://a.lmcdn.ru/img600x866/R/T/RTLABE172301_16718483_1_v2_2x.jpg
Женский;Головные уборы;Шапка Tolos;Хлопок - 100%;M;4349;https://a.lmcdn.ru/img236x341/M/P/MP002XW1HKWT_7709240_1_v2.jpg
Женский;Головные уборы;Панама Tixer;Хлопок - 100%;M;4999;https://a.lmcdn.ru/img236x341/R/T/RTLABD769201_16678901_1_v1_2x.jpg
Женский;Головные уборы;Кепка Tap;Хлопок - 100%;L;2999;https://a.lmcdn.ru/img236x341/M/P/MP002XW0CO0T_16974612_1_v1.jpg
Женский;Головные уборы;Панама Loustes;Хлопок - 100%;M;3000;https://a.lmcdn.ru/img600x866/M/P/MP002XW0BYXS_17054185_1_v1.jpg
Женский;Головные уборы;Кепка Pinex;Хлопок - 100%;M;1000;https://a.lmcdn.ru/img600x866/R/T/RTLABE172301_16718483_1_v2_2x.jpg
Женский;Головные уборы;Берет Bob Mins;Хлопок - 100%;S;1100;https://a.lmcdn.ru/img236x341/R/T/RTLAAP808502_15167895_1_v1.jpg
Женский;Обувь;Кеды Nani;Текстиль;42;4000;https://a.lmcdn.ru/img236x341/M/P/MP002XW0C4VU_16802017_1_v1.jpg
Женский;Обувь;Кроссовки Osas;Текстиль;41;3999;https://a.lmcdn.ru/img236x341/M/P/MP002XW0CTLV_16967621_1_v2.jpg
Женский;Обувь;Кеды Loures;Текстиль;42;7999;https://a.lmcdn.ru/img236x341/M/P/MP002XW0C4VX_16831252_1_v1.jpg
Женский;Обувь;Кеды King Stone;Текстиль;44;12399;https://a.lmcdn.ru/img236x341/M/P/MP002XW08KZQ_15224157_1_v1.jpg
Женский;Обувь;Кеды Boba;Текстиль;43;14999;https://a.lmcdn.ru/img236x341/R/T/RTLABJ698901_17315528_1_v1.jpg
Женский;Обувь;Лоферы Eqous;Текстиль;40;7999;https://a.lmcdn.ru/img236x341/R/T/RTLABF765601_16586576_1_v1.jpg
Женский;Обувь;Ботильоны Pinex;Текстиль;41;8000;https://a.lmcdn.ru/img600x866/M/P/MP002XW09TND_15495099_1_v1.jpg
Женский;Обувь;Кеды Inus;Текстиль;40;6549;https://a.lmcdn.ru/img236x341/M/P/MP002XW0XAD2_10845880_1_v1.jpg
Женский;Обувь;Ботинки Tim Tellton;Текстиль;40;3999;https://a.lmcdn.ru/img600x866/M/P/MP002XW09YSG_15584004_1_v1.jpg
Женский;Обувь;Босоножки Bob Mins;Текстиль;42;9799;https://a.lmcdn.ru/img600x866/M/P/MP002XW062SG_14028041_1_v1.jpg
Детский;Джинсы;Джинсы Poss;Хлопок 98%, Эластан 2%;140;2699;https://a.lmcdn.ru/img236x341/M/P/MP002XG02FI8_17236824_1_v1.jpg
Детский;Джинсы;Джинсы Velous;Хлопок - 100%;152;3999;https://a.lmcdn.ru/img236x341/R/T/RTLABB935501_16256733_1_v1.jpg
Детский;Джинсы;Джинсы Terix;Хлопок 98%, Эластан 2%;134;5999;https://a.lmcdn.ru/img236x341/R/T/RTLABH458301_16939538_1_v1.jpg
Детский;Джинсы;Джинсы Osas;Хлопок - 100%;140;1299;https://a.lmcdn.ru/img236x341/M/P/MP002XG02D82_16795103_1_v1.jpg
Детский;Джинсы;Джинсы Tim Telton;Хлопок - 100%;128;3499;https://a.lmcdn.ru/img236x341/M/P/MP002XG01J64_13150217_1_v1.jpg
Детский;Джинсы;Джинсы Inus;Хлопок 98%, Эластан 2%;158;2799;https://a.lmcdn.ru/img236x341/M/P/MP002XB01FOD_16448539_1_v1.jpg
Детский;Джинсы;Джинсы Frois;Хлопок - 100%;134;2799;https://a.lmcdn.ru/img236x341/R/T/RTLABL013201_17092440_1_v1.jpg
Детский;Джинсы;Джинсы Tubirs;Хлопок 98%, Эластан 2%;140;5699;https://a.lmcdn.ru/img236x341/M/P/MP002XB013W7_14587468_1_v1.jpg
Детский;Джинсы;Джинсы Lotimos;Хлопок - 100%;152;3999;https://a.lmcdn.ru/img236x341/R/T/RTLABI939301_16835915_1_v1.jpg
Детский;Джинсы;Джинсы Tolos;Хлопок - 100%;134;4959;https://a.lmcdn.ru/img236x341/M/P/MP002XC014ID_16524941_1_v1.jpg
Детский;Футболки;Футболка Loros;Хлопок - 100%;128;3999;https://a.lmcdn.ru/img236x341/M/P/MP002XB01FU6_16486210_1_v1.jpg
Детский;Футболки;Футболка Tirex;Хлопок - 95%, Эластан - 5%;136;2999;https://a.lmcdn.ru/img236x341/M/P/MP002XB01FG5_16526168_1_v1.jpg
Детский;Футболки;Футболка King Stone;Хлопок - 95%, Эластан - 5%;128;1399;https://a.lmcdn.ru/img236x341/M/P/MP002XB01IMB_17082333_1_v1.jpg
Детский;Футболки;Футболка Topos;Хлопок - 95%, Эластан - 5%;134;1699;https://a.lmcdn.ru/img236x341/M/P/MP002XB01FFF_16529670_1_v1.jpg
Детский;Футболки;Футболка Inus;Хлопок - 100%;140;5600;https://a.lmcdn.ru/img236x341/M/P/MP002XG02B0R_17070266_1_v1.jpg
Детский;Футболки;Футболка Loures;Хлопок - 100%;150;3899;https://a.lmcdn.ru/img236x341/M/P/MP002XG02B2Z_16638248_1_v1.jpg
Детский;Футболки;Футболка Frois;Хлопок - 95%, Эластан - 5%;128;4999;https://a.lmcdn.ru/img236x341/M/P/MP002XG02EYI_16998270_1_v1.jpeg
Детский;Футболки;Футболка Tubirs;Хлопок - 100%;158;5799;https://a.lmcdn.ru/img236x341/M/P/MP002XG02DI4_16933184_1_v1.jpg
Детский;Футболки;Футболка Locomous;Хлопок - 95%, Эластан - 5%;134;8300;https://a.lmcdn.ru/img236x341/M/P/MP002XG02G04_17152318_1_v1.jpg
Детский;Футболки;Футболка Dacosta;Хлопок - 100%;128;4699;https://a.lmcdn.ru/img236x341/M/P/MP002XG02CGK_16612298_1_v1_2x.jpeg
Детский;Куртки;Куртка Tipix;Хлопок - 100%;134;3999;https://a.lmcdn.ru/img236x341/M/P/MP002XB01F3G_16415054_1_v1.jpg
Детский;Куртки;Куртка Lokostis;Хлопок - 60%, Полиэстер - 40%;154;1200;https://a.lmcdn.ru/img600x866/M/P/MP002XB01H49_16876596_1_v1.jpg
Детский;Куртки;Куртка Dacostis;Хлопок - 60%, Полиэстер - 40%;134;3200;https://a.lmcdn.ru/img236x341/R/T/RTLABC937201_16648064_1_v1.jpg
Детский;Куртки;Куртка Poss;Хлопок - 100%;128;7800;https://a.lmcdn.ru/img236x341/M/P/MP002XB01HRN_16902763_1_v1.jpg
Детский;Куртки;Куртка Loures;Хлопок - 100%;150;3700;https://a.lmcdn.ru/img236x341/M/P/MP002XC01532_16861777_1_v1.jpg
Детский;Куртки;Куртка Bibous;Хлопок - 60%, Полиэстер - 40%;136;6999;https://a.lmcdn.ru/img236x341/M/P/MP002XC013IN_16769525_1_v1.jpg
Детский;Куртки;Куртка Traxius;Хлопок - 100%;146;9000;https://a.lmcdn.ru/img236x341/M/P/MP002XG02CJT_16871123_1_v1.jpg
Детский;Куртки;Куртка Tipilus;Хлопок - 60%, Полиэстер - 40%;154;5799;https://a.lmcdn.ru/img236x341/M/P/MP002XG022BD_15336325_1_v1.jpg
Детский;Куртки;Куртка Mobus;Хлопок - 60%, Полиэстер - 40%;134;3400;https://a.lmcdn.ru/img600x866/M/P/MP002XG02ECS_16952040_1_v1.jpg
Детский;Куртки;Куртка Torulis;Хлопок - 100%;150;1599;https://a.lmcdn.ru/img236x341/M/P/MP002XG022UX_15363508_1_v1.jpg
Детский;Головные уборы;Кепка Tap;Хлопок - 100%;52;1200;https://a.lmcdn.ru/img236x341/M/P/MP002XB01K2K_17295807_1_v1.jpg
Детский;Головные уборы;Панама Trox;Хлопок - 100%;52;800;https://a.lmcdn.ru/img600x866/R/T/RTLABG393801_16625586_2_v1.jpg
Детский;Головные уборы;Кепка Joji;Хлопок - 100%;52;3100;https://a.lmcdn.ru/img236x341/M/P/MP002XB01ISF_17096977_1_v1.jpg
Детский;Головные уборы;Панама Focustis;Хлопок - 100%;52;2800;https://a.lmcdn.ru/img236x341/M/P/MP002XB01IMY_17076747_1_v1.jpg
Детский;Головные уборы;Панама Tolos;Хлопок - 100%;52;799;https://a.lmcdn.ru/img236x341/M/P/MP002XB01JGK_17166177_1_v1.jpg
Детский;Головные уборы;Панама Pokins;Хлопок - 100%;54;1399;https://a.lmcdn.ru/img236x341/M/P/MP002XB01IS3_17127250_1_v1.jpg
Детский;Головные уборы;Шапка Faris;Хлопок - 100%;54;899;https://a.lmcdn.ru/img236x341/M/P/MP002XC00XB9_14563926_1_v2.jpg
Детский;Головные уборы;Панама Tripex;Хлопок - 100%;54;649;https://a.lmcdn.ru/img600x866/M/P/MP002XB01IFZ_17068445_1_v1.jpg
Детский;Головные уборы;Шапка Loures;Хлопок - 100%;52;1649;https://a.lmcdn.ru/img236x341/M/P/MP002XC00ZYH_15348919_1_v1.jpg
Детский;Головные уборы;Панама Imusis;Хлопок - 100%;52;2899;https://a.lmcdn.ru/img236x341/M/P/MP002XB00M67_11396096_1_v2.jpg
Детский;Обувь;Кеды Topos;Текстиль;31;3899;https://a.lmcdn.ru/img600x866/M/P/MP002XG02APH_16399505_1_v2.jpg
Детский;Обувь;Резиновые сапоги Pinex;Резина;32;4600;https://a.lmcdn.ru/img600x866/M/P/MP002XB01G52_17003767_1_v1.jpg
Детский;Обувь;Туфли Loros;Текстиль;33;5000;https://a.lmcdn.ru/img236x341/M/P/MP002XB01GDN_16817315_1_v1.jpg
Детский;Обувь;Кроссовки Biba;Текстиль;37;3600;https://a.lmcdn.ru/img236x341/M/P/MP002XB00Y1F_14406791_1_v1.jpg
Детский;Обувь;Кроссовки Alexius;Текстиль;27;7000;https://a.lmcdn.ru/img236x341/R/T/RTLAAZ002501_16005330_1_v1.jpg
Детский;Обувь;Ботинки Frekos;Текстиль;28;3999;https://a.lmcdn.ru/img236x341/M/P/MP002XC014EW_16537063_1_v1.jpg
Детский;Обувь;Кроссовки Lokostis;Текстиль;27;3200;https://a.lmcdn.ru/img236x341/R/T/RTLABG997301_16658287_1_v1.jpg
Детский;Обувь;Сланцы Pous;Полиуретан;25;6700;https://a.lmcdn.ru/img600x866/R/T/RTLABH636901_16738442_1_v1.jpg
Детский;Обувь;Кроссовки Torex;Текстиль;27;2679;https://a.lmcdn.ru/img600x866/M/P/MP002XG01QER_14408018_1_v1.jpg
Детский;Обувь;Кроссовки Nims;Текстиль;24;1799;https://a.lmcdn.ru/img236x341/R/T/RTLABG480701_16632703_1_v1.jpg